model,dist,k,loglik,aic,bic,d_aic,d_bic
GARCH,Normal,4,-9217.992,18443.983,18471.231,669.358,648.922
GARCH,t,5,-9062.473,18134.947,18169.006,360.321,346.698
GARCH,skewed t,6,-9038.435,18088.870,18129.742,314.245,307.433
GJR,Normal,5,-9086.496,18182.991,18217.051,408.366,394.742
GJR,t,6,-8944.647,17901.294,17942.166,126.669,119.857
GJR,skewed t,7,-8905.126,17824.252,17871.936,49.627,49.627
EGARCH,Normal,5,-9075.567,18161.134,18195.194,386.509,372.885
EGARCH,t,6,-8922.099,17856.198,17897.070,81.573,74.761
EGARCH,skewed t,7,-8880.313,17774.625,17822.309,0.000,0.000
