method,team,type,smape,mase,owa,rank
118,"Smyl, S.",Hybrid,11.374402,1.535696,0.8208548754209313,1
245,"Montero-Manso, P., Talagala, T., Hyndman, R. J. & Athanasopoulos, G.",Combination (S & ML),11.720282,1.551365,0.8377020377296039,2
237,"Pawlikowski, M., Chorowska, A. & Yanchuk, O.",Combination (S),11.844617,1.547449,0.8412612873787163,3
72,"Jaganathan, S. & Prakash, P.",Combination (S & ML),11.695443,1.571175,0.8419665561111417,4
69,"Fiorucci, J. A. & Louzada, F.",Combination (S),11.835646,1.553797,0.8425905421546492,5
36,"Petropoulos, F. & Svetunkov, I.",Combination (S),11.88731,1.565431,0.847537171103463,6
78,"Shaub, D.",Combination (S),12.019738,1.595374,0.8602485680356159,7
260,Legaki N. Z. & Koutsouri K.,Statistical,11.986449,1.601037,0.8605022891448402,8
238,"Doornik, J., Hendry, D. & Castle, J.",Combination (S),11.923763,1.626619,0.8648810137334977,9
39,"Pedregal, D.J., Trapero, J. R., Villegas, M. A. & Madrigal, J. J.",Combination (S),12.114178,1.614364,0.8686955373358104,10
5,"Spiliotis, E. & Assimakopoulos, V.",Statistical,12.14774,1.628178,0.8735449389801562,11
132,"Roubinchtein, A.",Combination (S),12.182598,1.632807,0.8760403194405387,12
251,"Ibrahim, M.",Statistical,12.198378,1.644453,0.879667326961567,13
250,Tartu M4 seminar,Combination (S & ML),12.496017,1.632706,0.8875671889532684,14
243,"Waheeb, W.",Combination (S),12.145641,1.705829,0.8937725998815949,15
235,"Darin, S. & Stellwagen, E.",Statistical,12.279409,1.693036,0.8953583144068831,16
104,"Dantas, T. & Cyrino Oliveira, F.",Combination (S),12.553285,1.656538,0.8959100597812898,17
Theta,The M4 Team,Statistical,12.30897,1.696496,0.8973527534337643,18
Comb,The M4 Team,Combination (S),12.55471,1.662938,0.8976361303983924,19
223,"Nikzad, A.",Combination (S & ML),12.36959,1.723808,0.9067291745313366,20
Damped,The M4 Team,Statistical,12.66072,1.682979,0.9067844211038206,21
239,"Segura-Heras, J. V., Vercher-González, E., Bermúdez-Edo, J. D., & Corberán-Vallet, A.",Combination (S),12.506706,1.717133,0.9100381050268272,22
211,"Trotta, B.",Machine Learning,12.89415,1.681663,0.9150450172025496,23
231,"Chen, W. & Francis, J.",Combination (S),12.553898,1.730262,0.9152108156822152,24
227,"Svetunkov, I., Abolghasemi, M. & Kourentzes, N.",Combination (S),12.464223,1.744837,0.9157164382801068,25
82,"Talagala, T., Hyndman, R. J. & Athanasopoulos, G.",Statistical,12.901906,1.686864,0.9166909340663942,26
212,"Sui, M. & Rengifo, E.",Combination (S),12.854541,1.742821,0.9295772106410036,27
236,"Kharaghani, S.",Combination (S),13.06347,1.715741,0.9301975955571856,28
248,Smart Forecast,Combination (S),13.213692,1.787736,0.9545611343540996,29
30,"Wainwright, E., Butz E. & Raychaudhuri, S.",Statistical,13.335923,1.798365,0.9618462121551858,30
Holt,The M4 Team,Statistical,13.77458,1.77201,0.9711244327511684,31
SES,The M4 Team,Statistical,13.08749,1.884542,0.9752229583312902,32
234,"Valle dos Santos, R., Araújo, C. & Accioly, R.",Combination (S),13.819913,1.789238,0.9773004682166768,33
24,"Reilly, T.",Statistical,13.755668,1.872841,0.9967936917175456,34
Naive2,The M4 Team,Statistical,13.56407,1.912112,1.0,35
218,"Iqbal, A., Seery, S. & Silvia, J.",Statistical,14.312418,1.891913,1.0223038171572156,36
106,"Fritschi, R.",Statistical,13.52992,2.06854,1.0396456672344618,37
43,"Bontempi, G.",Combination (S & ML),13.990329,2.022971,1.044701424781424,38
Naive,The M4 Team,Statistical,14.20792,2.043658,1.0581317477645933,39
216,"Bandara, K., Bergmeir, C. & Hewamalage, C.",Combination (S & ML),12.653204,2.334216,1.076799953081758,40
sNaive,The M4 Team,Statistical,14.65741,2.056796,1.0781363578377086,41
169,"Patelis, A.",Combination (S),14.429904,2.098036,1.080533897808316,42
241,"Kyriakides, I. & Artusi, A.",Combination (ML),14.889101,2.068347,1.0896974549234129,43
191,"Viole, F. & Vinod, H.",Combination (S & ML),15.39178,2.014893,1.09424951690169,44
126,"Chirikhin, K. & Ryabko, B.",Combination (S),16.467989,1.956748,1.1187164405767382,45
244,"Alves Santos Junior, J. G.",Machine Learning,16.638233,2.056384,1.1510459037743466,46
70,"Mohamed, A.",Combination (S),15.901095,2.310474,1.1903156924902012,47
249,"Clark, C.",Statistical,15.880745,2.582664,1.260740772957805,48
252,"Selamlar, H. T.",Statistical,13.587434,3.305292,1.3651652197497752,49
255,"Taylan, A. S.",Statistical,13.576517,3.321903,1.369106422603157,50
9,"Yapar G., Capar S. & Yavuz. I.",Statistical,13.572735,3.370761,1.3817429354297714,51
256,"Yilmaz, T. E.",Statistical,13.626625,3.676365,1.4636421165216866,52
253,"Çetin, B.",Statistical,14.488985,3.575809,1.4691360255763166,53
91,"Mukhopadhyay, S.",Machine Learning,18.468742,3.059275,1.4807692244975286,54
RNN,The M4 Team,Machine Learning,21.15244,2.684614,1.4817254837455394,55
219,"Pełka, P.",Machine Learning,19.573438,3.340743,1.5950919675484043,56
MLP,The M4 Team,Machine Learning,21.65349,3.225114,1.6415310982524325,57
225,"Dudek, G.",Other,26.137445,6.110019,2.5611956354066674,58
258,"Sirotin, R.",Statistical,19.13553,14.08054,4.387309576094383,59
