,,eigenvalue,trace,trace 5%,max-eig,max-eig 5%
"US yields 1y, 5y, 10y",r <= 0,0.0405,54.6017,29.7961,33.032,21.1314
"US yields 1y, 5y, 10y",r <= 1,0.0229,21.5697,15.4943,18.4525,14.2639
"US yields 1y, 5y, 10y",r <= 2,0.0039,3.1172,3.8415,3.1172,3.8415
"US output, consumption, investment",r <= 0,0.083,28.8682,29.7961,17.4246,21.1314
"US output, consumption, investment",r <= 1,0.0431,11.4436,15.4943,8.8528,14.2639
"US output, consumption, investment",r <= 2,0.0128,2.5908,3.8415,2.5908,3.8415
"EUR/RON, EUR/HUF, EUR/PLN",r <= 0,0.0623,24.2099,29.7961,16.2747,21.1314
"EUR/RON, EUR/HUF, EUR/PLN",r <= 1,0.0204,7.9351,15.4943,5.2141,14.2639
"EUR/RON, EUR/HUF, EUR/PLN",r <= 2,0.0107,2.7211,3.8415,2.7211,3.8415
