,n,rs,dfa,gph,gph_se,lw,lw_se,m,lo_V,lo_q,lo_reject
Nile flow,100,0.8323014906904433,0.6425456880615111,0.4354042891755117,0.1471185552560742,0.40297109014126853,0.11470786693528087,19,1.6638692670737882,6,False
"RO inflation, monthly SA",260,0.7472695005506657,0.8376904610426879,0.3692378502579654,0.10542494662363422,0.30630024351880936,0.08219949365267865,37,2.134092256102227,7,True
"RO inflation, 12-month",260,0.9560653506076762,1.382443605365246,1.1440834999325324,0.10542494662363422,1.0039343482921959,0.08219949365267865,37,1.1714056583207613,99,False
"US inflation, monthly",954,0.8318681684199807,0.8739706499760628,0.5736869054064201,0.06915045247897637,0.5494753884713005,0.053916386601719206,86,2.188188248549914,15,True
"US inflation, 1985-2019",420,0.6918013469507286,0.594439150561656,0.06698598913587543,0.09068996821171088,0.0964466572073805,0.07071067811865475,50,1.7962699195006626,9,False
US unemployment,944,0.9727660395261464,1.2696212928874848,0.8182210901545655,0.06955603045806323,0.9069292683418074,0.05423261445466404,85,1.281123248604088,113,False
"US unemployment, change",943,0.7575876682090019,0.4358583443669058,-0.17985948603305554,0.06955603045806323,-0.08691243209528504,0.05423261445466404,85,0.9014797533595723,1,False
S&P 500 r,6714,0.5304720271599298,0.4883266595754514,0.020365761457012112,0.03659949256123093,-0.01341914570150748,0.02853650727676748,307,1.5593664944785004,7,False
S&P 500 |r|,6714,0.8613572566975962,0.95338823549873,0.5561014645214712,0.03659949256123093,0.5305894296452771,0.02853650727676748,307,2.663501285333209,15,True
BET r,6670,0.578108011714974,0.5695730209497218,0.1606093070739434,0.03671929482126089,0.11770151997173771,0.028629916715693413,305,1.9612735165198978,7,True
BET |r|,6670,0.785629785918104,0.8537239598460122,0.39803941632057854,0.03671929482126089,0.38681550761600453,0.028629916715693413,305,4.47115974117245,20,True
EUR/RON r,5352,0.5327408341749058,0.521598495284662,-0.009590401900729151,0.03939320488823233,-0.005809217250599801,0.03071475584169756,265,1.4286239818578423,9,False
EUR/RON |r|,5352,0.8239437953366653,0.8549214085171554,0.3814995082182086,0.03939320488823233,0.3930753072408059,0.03071475584169756,265,4.97486170835905,22,True
