date,open,high,low,close,adjusted_close,volume
2023-07-12,110.0,115.2,109.2,110.0,86.7352,6808868
2023-07-13,110.1,111.9,110.0,110.0,86.7352,1941237
2023-07-14,111.0,112.0,111.0,111.5,87.918,771024
2023-07-17,111.8,111.8,111.4,111.8,88.1545,817135
2023-07-18,111.9,114.0,111.8,113.0,89.1007,2993684
2023-07-19,113.8,113.9,112.0,113.0,89.1007,374478
2023-07-20,113.4,113.8,112.9,113.5,89.495,252565
2023-07-21,113.7,113.8,113.3,113.7,89.6527,116272
2023-07-24,113.8,113.9,112.5,112.8,88.943,203391
2023-07-25,112.8,113.0,112.1,112.8,88.943,112990
2023-07-26,113.0,113.0,111.8,111.9,88.2334,259146
2023-07-27,112.0,112.5,111.9,112.0,88.3122,131131
2023-07-28,112.0,112.9,112.0,112.9,89.0219,154284
2023-07-31,112.9,113.2,112.2,112.2,88.4699,94284
2023-08-01,112.9,113.0,111.8,111.9,88.2334,158630
2023-08-02,112.0,112.0,111.0,111.0,87.5237,327422
2023-08-03,111.5,111.5,108.6,109.5,86.341,402338
2023-08-04,110.0,110.0,108.2,108.8,85.789,58946
2023-08-07,108.7,109.0,107.0,109.0,85.9467,191376
2023-08-08,109.0,109.1,107.6,108.0,85.1582,157625
2023-08-09,108.1,109.0,108.0,109.0,85.9467,352313
2023-08-10,109.0,109.9,108.7,109.8,86.5775,290014
2023-08-11,108.9,110.2,108.9,109.5,86.341,53001
2023-08-14,109.9,111.0,109.9,111.0,87.5237,155859
2023-08-16,111.0,111.3,110.2,111.1,87.6026,186285
2023-08-17,112.0,112.7,110.5,111.0,87.5237,129602
2023-08-18,110.8,110.8,108.7,110.5,87.1295,232071
2023-08-21,110.0,111.1,109.8,111.0,87.5237,41450
2023-08-22,110.2,111.3,110.2,111.2,87.6814,44254
2023-08-23,111.2,111.9,111.1,111.7,88.0757,85739
2023-08-24,111.7,111.9,111.5,111.5,87.918,111293
2023-08-25,111.5,111.7,111.1,111.5,87.918,168948
2023-08-28,111.6,111.8,111.5,111.7,88.0757,75514
2023-08-29,111.8,112.5,111.7,112.5,88.7065,100721
2023-08-30,112.5,113.4,112.2,113.4,89.4161,114946
2023-08-31,113.4,113.4,112.6,113.0,89.1007,24069
2023-09-01,113.0,113.0,112.6,112.7,88.8642,23675
2023-09-04,112.9,113.2,112.8,112.9,89.0219,118718
2023-09-05,113.0,113.1,112.4,112.7,88.8642,73555
2023-09-06,113.0,113.7,112.9,113.7,89.6527,68620
2023-09-07,113.1,114.0,113.1,114.0,89.8892,91999
2023-09-08,113.7,113.8,113.4,113.8,89.7315,85096
2023-09-11,113.8,114.2,113.7,114.1,89.9681,62960
2023-09-12,114.1,114.3,114.0,114.3,90.1258,71054
2023-09-13,114.2,115.7,113.9,115.4,90.9931,236375
2023-09-14,115.4,116.9,115.4,116.7,92.0182,239102
2023-09-15,117.0,119.0,116.8,119.0,93.8317,311796
2023-09-18,118.5,118.5,117.5,117.7,92.8067,171533
2023-09-19,117.7,119.0,117.7,119.0,93.8317,65478
2023-09-20,119.0,120.5,118.1,120.2,94.7779,260832
2023-09-21,120.5,120.6,119.2,119.5,94.226,121302
2023-09-22,119.7,120.5,119.2,120.0,94.6202,190660
2023-09-25,120.0,120.9,119.8,120.5,95.0145,137526
2023-09-26,120.3,120.3,119.0,119.7,94.3837,89936
2023-09-27,119.6,120.5,119.1,119.5,94.226,193517
2023-09-28,120.0,120.6,119.5,119.5,94.226,65685
2023-09-29,120.0,121.9,120.0,120.0,94.6202,190490
2023-10-02,121.2,121.3,120.0,120.5,95.0145,95720
2023-10-03,120.5,120.5,119.7,120.0,94.6202,89893
2023-10-04,120.0,120.0,118.0,118.1,93.1221,146007
2023-10-05,118.5,119.5,117.5,117.6,92.7278,45133
2023-10-06,118.7,118.9,116.1,117.0,92.2547,104368
2023-10-09,117.4,118.0,116.6,117.0,92.2547,66787
2023-10-10,117.0,117.9,116.6,117.0,92.2547,132121
2023-10-11,117.9,118.0,116.6,117.5,92.649,412849
2023-10-12,117.6,118.4,117.5,118.0,93.0432,324061
2023-10-13,118.2,118.5,117.2,118.0,93.0432,42907
2023-10-16,117.9,117.9,116.5,117.5,92.649,184790
2023-10-17,117.6,118.2,117.5,117.5,92.649,110893
2023-10-18,118.0,118.0,116.6,117.0,92.2547,138518
2023-10-19,117.5,117.7,116.5,116.5,91.8605,178616
2023-10-20,117.0,117.0,116.0,116.7,92.0182,102370
2023-10-23,116.8,116.9,115.9,116.0,91.4662,262367
2023-10-24,116.1,117.0,116.0,116.8,92.097,16449
2023-10-25,116.8,117.0,116.4,116.6,91.9393,58396
2023-10-26,116.9,117.1,116.3,116.7,92.0182,30263
2023-10-27,117.0,118.4,116.8,118.0,93.0432,21198
2023-10-30,118.3,119.0,117.6,118.0,93.0432,26897
2023-10-31,117.9,118.0,116.6,116.7,92.0182,20524
2023-11-01,117.4,117.4,116.2,116.3,91.7028,28906
2023-11-02,117.0,118.0,116.2,117.0,92.2547,148423
2023-11-03,117.0,117.9,116.8,117.0,92.2547,83342
2023-11-06,117.7,118.6,117.2,117.9,92.9644,79217
2023-11-07,118.0,118.2,117.1,117.5,92.649,130615
2023-11-08,118.0,118.2,117.7,118.0,93.0432,40088
2023-11-09,117.8,118.1,117.7,117.8,92.8855,84989
2023-11-10,118.0,118.4,117.7,118.0,93.0432,24226
2023-11-13,118.0,118.9,117.9,118.8,93.674,58788
2023-11-14,118.8,119.5,118.8,119.1,93.9106,71255
2023-11-15,120.4,120.6,119.5,119.5,94.226,122736
2023-11-16,119.8,120.0,119.3,119.5,94.226,71811
2023-11-17,119.9,119.9,118.5,118.9,93.7529,60738
2023-11-20,119.6,119.8,118.4,119.8,94.4625,50856
2023-11-21,119.8,120.0,119.0,119.8,94.4625,36451
2023-11-22,119.8,119.8,119.3,119.7,94.3837,92808
2023-11-23,119.8,120.5,119.7,120.0,94.6202,426923
2023-11-24,120.0,121.4,120.0,121.1,95.4876,64611
2023-11-27,121.2,123.4,121.1,122.5,96.5915,229797
2023-11-28,122.8,123.6,122.7,123.0,96.9858,310377
2023-11-29,123.0,128.7,123.0,128.7,101.4802,903910
2023-12-04,125.0,127.0,125.0,125.5,98.957,185294
2023-12-05,125.6,127.8,125.6,127.5,100.534,43936
2023-12-06,127.5,127.8,125.8,125.8,99.1936,77565
2023-12-07,126.4,127.5,126.0,126.0,99.3513,69559
2023-12-08,126.8,126.8,126.0,126.4,99.6667,45136
2023-12-11,126.4,127.4,126.3,127.3,100.3763,69270
2023-12-12,127.5,128.4,127.2,128.2,101.086,94611
2023-12-13,128.1,128.5,127.0,127.2,100.2975,75306
2023-12-14,127.9,128.3,127.5,127.5,100.534,47939
2023-12-15,127.7,128.2,127.0,127.7,100.6917,60490
2023-12-18,127.6,128.6,127.4,128.6,101.4014,224384
2023-12-19,128.6,128.8,128.0,128.8,101.5591,44261
2023-12-20,128.8,128.9,127.5,127.8,100.7706,213592
2023-12-21,127.8,127.8,125.5,127.0,100.1398,86926
2023-12-22,127.1,128.3,127.1,128.2,101.086,46314
2023-12-27,128.3,128.8,128.0,128.8,101.5591,39129
2023-12-28,128.8,128.9,125.5,128.5,101.3225,43238
2023-12-29,128.4,129.2,128.0,128.0,100.9283,50481
2024-01-03,129.0,129.2,127.8,128.0,100.9283,31541
2024-01-04,128.2,129.6,128.0,129.6,102.1899,74271
2024-01-05,129.5,130.0,129.2,129.7,102.2687,79687
2024-01-08,130.1,133.3,130.1,133.3,105.1073,88348
2024-01-09,134.3,137.3,134.1,135.4,106.7632,84272
2024-01-10,135.9,136.0,134.9,134.9,106.3689,84038
2024-01-11,135.0,135.6,134.6,134.8,106.2901,27648
2024-01-12,134.9,134.9,133.1,133.5,105.265,45827
2024-01-15,133.8,134.7,132.4,134.2,105.817,56049
2024-01-16,133.5,134.6,132.7,132.7,104.6342,39654
2024-01-17,132.5,133.4,129.0,129.2,101.8745,117208
2024-01-18,129.0,130.4,128.0,129.5,102.111,72343
2024-01-19,130.2,130.7,128.0,129.4,102.0322,104729
2024-01-22,129.8,130.0,124.3,125.0,98.5628,252792
2024-01-23,124.5,124.5,117.3,120.1,94.6991,1576040
2024-01-25,121.0,122.7,119.9,120.5,95.0145,220474
2024-01-26,120.9,123.4,120.8,121.0,95.4088,128755
2024-01-29,122.7,122.9,121.0,122.1,96.2761,163848
2024-01-30,122.7,123.7,122.1,122.9,96.9069,200109
2024-01-31,123.3,124.9,122.9,124.8,98.4051,63993
2024-02-01,124.9,127.5,124.9,127.1,100.2186,249661
2024-02-02,127.2,129.0,127.2,128.1,101.0071,180732
2024-02-05,128.4,129.5,128.1,129.0,101.7168,92942
2024-02-06,129.3,129.3,127.9,129.1,101.7956,138286
2024-02-07,128.9,129.0,127.0,127.0,100.1398,210989
2024-02-08,127.5,128.0,126.9,127.0,100.1398,31142
2024-02-09,127.0,127.9,123.0,125.0,98.5628,146835
2024-02-12,125.9,126.4,125.2,125.9,99.2724,27272
2024-02-13,125.9,126.3,124.6,124.9,98.4839,25083
2024-02-14,125.0,125.6,124.7,124.8,98.4051,19255
2024-02-15,124.8,125.0,122.8,123.0,96.9858,149643
2024-02-16,123.0,124.6,123.0,123.8,97.6166,33727
2024-02-19,124.2,125.4,124.1,125.2,98.7205,33081
2024-02-20,124.6,125.0,123.8,123.8,97.6166,36580
2024-02-21,124.5,125.0,123.3,124.0,97.7743,43612
2024-02-22,124.0,124.8,123.8,124.0,97.7743,44397
2024-02-23,124.1,124.5,123.5,123.9,97.6954,59093
2024-02-26,124.5,125.4,123.6,124.0,97.7743,33353
2024-02-27,125.0,126.8,124.8,125.1,98.6416,72555
2024-02-28,125.8,125.9,124.2,124.2,97.932,50581
2024-02-29,125.2,125.5,124.1,124.1,97.8531,34342
2024-03-01,125.1,127.0,125.1,126.5,99.7455,22602
2024-03-04,126.7,129.5,126.7,129.0,101.7168,113272
2024-03-05,129.0,129.0,128.0,128.7,101.4802,44860
2024-03-06,128.7,129.0,127.9,129.0,101.7168,18390
2024-03-07,129.0,129.0,126.3,128.0,100.9283,38829
2024-03-08,128.0,128.0,127.5,128.0,100.9283,17209
2024-03-11,128.0,128.0,127.5,128.0,100.9283,11697
2024-03-12,128.0,128.0,127.0,127.1,100.2186,41731
2024-03-13,127.9,128.0,127.1,127.1,100.2186,13922
2024-03-14,127.2,128.0,127.0,128.0,100.9283,16233
2024-03-15,128.0,128.0,126.1,126.1,99.4301,117748
2024-03-18,127.5,127.8,126.4,127.8,100.7706,139619
2024-03-19,127.6,128.0,127.3,127.9,100.8494,63141
2024-03-20,128.0,128.0,127.1,127.1,100.2186,46533
2024-03-21,128.0,128.0,126.9,127.8,100.7706,158122
2024-03-22,127.9,128.3,127.0,127.5,100.534,107649
2024-03-25,127.5,128.4,127.5,127.7,100.6917,79878
2024-03-26,127.7,128.7,127.7,128.0,100.9283,94313
2024-03-27,128.4,128.4,127.9,128.0,100.9283,72416
2024-03-28,129.6,131.4,129.5,131.4,103.6092,261253
2024-03-29,131.7,134.4,131.5,134.0,105.6593,84264
2024-04-01,134.5,135.0,134.0,134.4,105.9747,49424
2024-04-02,134.4,134.4,132.0,132.2,104.24,59023
2024-04-03,132.3,133.0,131.4,132.0,104.0823,121640
2024-04-04,132.0,132.9,131.9,132.0,104.0823,24374
2024-04-05,132.8,133.0,132.4,132.9,104.7919,27261
2024-04-08,132.9,132.9,132.0,132.6,104.5554,39653
2024-04-09,132.2,132.8,130.4,132.8,104.7131,99064
2024-04-10,132.8,133.0,132.0,132.7,104.6342,30839
2024-04-11,132.9,133.0,131.2,131.6,103.7669,37448
2024-04-12,132.3,132.7,131.0,131.5,103.688,39763
2024-04-15,131.0,132.9,130.5,132.0,104.0823,65132
2024-04-16,132.7,132.7,130.5,131.8,103.9246,478484
2024-04-17,132.4,132.5,131.9,132.0,104.0823,215637
2024-04-18,132.2,132.4,131.9,132.0,104.0823,298527
2024-04-19,131.9,132.0,131.2,131.8,103.9246,16414
2024-04-22,131.9,132.6,131.6,132.5,104.4765,54940
2024-04-23,132.5,132.5,132.1,132.5,104.4765,21075
2024-04-24,132.5,133.2,132.5,132.9,104.7919,34174
2024-04-25,133.0,133.5,132.5,132.9,104.7919,29756
2024-04-26,133.4,133.5,132.6,132.6,104.5554,33249
2024-04-29,133.2,134.1,132.9,133.8,105.5016,60701
2024-04-30,134.0,134.8,133.4,134.7,106.2112,115320
2024-05-02,134.7,134.8,134.0,134.6,106.1324,32671
2024-05-07,134.8,134.9,134.1,134.5,106.0535,37790
2024-05-08,134.7,134.8,134.2,134.5,106.0535,55400
2024-05-09,134.1,134.5,133.8,134.0,105.6593,61463
2024-05-10,134.4,134.5,133.9,134.3,105.8958,93315
2024-05-13,134.2,134.9,134.2,134.9,106.3689,41425
2024-05-14,134.9,135.2,134.8,135.1,106.5266,51505
2024-05-15,134.9,134.9,133.5,134.9,106.3689,41103
2024-05-16,134.0,134.9,134.0,134.3,105.8958,42818
2024-05-17,134.7,134.8,134.3,134.4,105.9747,60982
2024-05-20,134.8,134.9,134.0,134.3,105.8958,90624
2024-05-21,134.6,134.7,134.0,134.3,105.8958,25029
2024-05-22,134.6,134.9,134.4,134.5,106.0535,104277
2024-05-23,134.8,135.0,134.5,134.5,106.0535,24817
2024-05-24,134.9,136.3,134.7,136.3,107.4728,83528
2024-05-27,136.1,137.2,136.1,137.2,108.1825,42810
2024-05-28,137.0,137.3,136.3,137.0,108.0248,60125
2024-05-29,136.7,136.7,133.5,133.5,105.265,92901
2024-05-30,134.0,135.6,134.0,134.0,105.6593,40455
2024-05-31,134.8,134.9,133.4,133.5,105.265,115206
2024-06-03,133.5,134.0,132.9,132.9,104.7919,82302
2024-06-04,133.9,134.9,133.1,134.7,106.2112,31577
2024-06-05,135.0,137.0,135.0,137.0,108.0248,153113
2024-06-06,137.0,137.2,136.5,136.9,107.9459,202299
2024-06-07,124.8,128.3,124.6,124.8,109.6058,289602
2024-06-10,126.0,126.0,124.1,124.5,109.3424,93854
2024-06-11,124.5,124.5,123.0,123.1,108.1128,127717
2024-06-12,123.0,123.5,123.0,123.5,108.4641,67961
2024-06-13,123.5,123.8,122.2,123.0,108.025,62765
2024-06-14,123.0,123.0,122.2,122.3,107.4102,55252
2024-06-17,122.9,123.0,122.3,122.6,107.6737,53913
2024-06-18,122.6,124.3,122.6,124.0,108.9032,91449
2024-06-19,124.0,124.0,123.7,123.9,108.8154,157288
2024-06-20,123.9,123.9,122.9,123.0,108.025,77301
2024-06-21,123.9,124.0,122.1,122.1,107.2346,86791
2024-06-25,123.2,124.0,123.1,123.9,108.8154,41670
2024-06-26,123.9,124.0,123.0,123.7,108.6398,89664
2024-06-27,123.9,124.0,122.9,123.9,108.8154,69628
2024-06-28,124.0,125.0,123.7,124.7,109.518,165588
2024-07-01,124.8,125.0,124.6,125.0,109.7815,92503
2024-07-02,125.0,126.9,124.7,126.9,111.4502,49201
2024-07-03,126.9,127.0,126.3,127.0,111.538,35920
2024-07-04,127.0,127.5,126.6,127.5,111.9771,115556
2024-07-05,127.5,127.9,127.1,127.9,112.3284,29123
2024-07-08,127.9,128.0,127.5,127.8,112.2406,72158
2024-07-09,127.6,127.9,127.4,127.4,111.8893,21190
2024-07-10,127.8,128.0,127.1,127.9,112.3284,50699
2024-07-11,127.9,128.9,127.8,128.7,113.031,28719
2024-07-12,128.7,128.9,128.3,128.9,113.2067,25624
2024-07-15,128.9,129.0,128.5,128.8,113.1188,29229
2024-07-16,129.0,129.0,128.2,128.2,112.5919,33932
2024-07-17,127.7,127.7,124.6,127.4,111.8893,118271
2024-07-18,126.5,128.4,126.0,128.4,112.7675,44332
2024-07-19,128.4,128.7,127.6,127.8,112.2406,27175
2024-07-22,128.0,128.0,126.9,127.3,111.8015,40956
2024-07-23,127.3,128.3,127.3,128.0,112.4162,24909
2024-07-24,128.0,128.0,126.9,127.0,111.538,34122
2024-07-25,127.0,127.1,125.0,125.0,109.7815,63058
2024-07-26,125.9,126.9,125.6,126.0,110.6597,25875
2024-07-29,125.9,126.0,124.7,125.0,109.7815,38769
2024-07-30,125.3,125.3,124.0,124.0,108.9032,37737
2024-07-31,125.0,125.5,124.5,124.5,109.3424,18359
2024-08-01,125.0,125.4,123.7,123.7,108.6398,36317
2024-08-02,123.8,123.8,122.0,122.0,107.1467,258274
2024-08-05,121.9,121.9,119.0,120.0,105.3902,486615
2024-08-06,120.0,123.4,120.0,121.0,106.2685,85074
2024-08-07,122.0,122.0,120.8,121.9,107.0589,24779
2024-08-08,121.9,122.0,121.2,121.9,107.0589,14091
2024-08-09,121.9,123.3,121.7,121.9,107.0589,27885
2024-08-12,121.8,123.3,121.8,123.0,108.025,16057
2024-08-13,123.3,126.4,123.3,126.0,110.6597,42861
2024-08-14,123.9,125.2,121.7,125.0,109.7815,86366
2024-08-16,124.9,125.0,123.9,125.0,109.7815,25799
2024-08-19,125.0,125.0,124.0,124.0,108.9032,14716
2024-08-20,124.9,125.0,124.4,124.6,109.4302,63103
2024-08-21,125.0,125.0,124.3,124.4,109.2545,12326
2024-08-22,124.5,124.7,124.0,124.3,109.1667,20653
2024-08-23,124.5,124.6,124.2,124.4,109.2545,5967
2024-08-26,124.4,124.7,123.9,124.0,108.9032,11660
2024-08-27,124.0,124.0,123.6,123.6,108.5519,7216
2024-08-28,124.0,124.0,123.2,123.2,108.2006,10837
2024-08-29,123.8,123.8,123.0,123.5,108.4641,10060
2024-08-30,123.5,123.9,122.6,122.6,107.6737,26531
2024-09-02,123.7,123.7,121.7,121.9,107.0589,24727
2024-09-03,122.0,122.8,121.8,121.9,107.0589,31068
2024-09-04,122.0,122.4,120.8,121.6,106.7954,37131
2024-09-05,121.6,121.6,120.5,121.0,106.2685,34147
2024-09-06,121.2,121.9,120.1,121.0,106.2685,30374
2024-09-09,121.0,121.5,120.6,120.6,105.9172,35372
2024-09-10,120.6,121.5,120.2,120.3,105.6537,45495
2024-09-11,120.9,120.9,120.0,120.5,105.8293,40848
2024-09-12,120.5,120.9,120.0,120.5,105.8293,18395
2024-09-13,120.5,120.5,120.3,120.5,105.8293,7790
2024-09-16,120.5,120.5,119.9,120.0,105.3902,33786
2024-09-17,120.1,121.0,120.0,120.9,106.1806,418193
2024-09-18,121.0,123.0,120.2,122.6,107.6737,27823
2024-09-19,122.9,123.8,122.7,123.1,108.1128,10142
2024-09-20,123.1,123.5,121.9,121.9,107.0589,44441
2024-09-23,123.5,124.9,122.9,124.0,108.9032,36635
2024-09-24,124.5,125.7,124.5,125.0,109.7815,24918
2024-09-25,125.0,125.9,125.0,125.9,110.5719,30933
2024-09-26,125.9,125.9,125.0,125.9,110.5719,15733
2024-09-27,125.9,125.9,124.1,125.0,109.7815,23606
2024-09-30,125.6,125.6,124.1,125.0,109.7815,14141
2024-10-01,124.2,125.0,124.0,124.3,109.1667,12124
2024-10-02,124.2,124.9,124.0,124.4,109.2545,14922
2024-10-03,125.0,125.5,124.3,124.5,109.3424,48432
2024-10-04,124.3,125.5,123.1,125.5,110.2206,25519
2024-10-07,125.5,125.6,123.4,125.6,110.3084,46058
2024-10-08,125.0,125.2,124.5,124.7,109.518,14202
2024-10-09,124.8,125.6,124.5,125.6,110.3084,28738
2024-10-10,125.5,125.6,124.8,125.0,109.7815,11604
2024-10-11,125.0,125.5,124.2,125.0,109.7815,68578
2024-10-14,125.0,125.0,124.2,124.4,109.2545,262029
2024-10-15,124.4,124.4,123.0,123.0,108.025,19163
2024-10-16,123.8,123.8,121.7,123.6,108.5519,22993
2024-10-17,123.8,124.0,122.5,123.2,108.2006,5938
2024-10-18,123.7,124.0,122.7,122.7,107.7615,4750
2024-10-21,122.9,123.5,122.7,123.2,108.2006,5278
2024-10-22,123.2,123.6,123.0,123.5,108.4641,10238
2024-10-23,122.5,123.9,122.5,123.2,108.2006,17442
2024-10-24,123.2,123.5,123.0,123.4,108.3763,4428
2024-10-25,123.5,123.5,121.9,123.0,108.025,7916
2024-10-28,123.0,123.0,122.0,122.0,107.1467,8844
2024-10-29,122.0,123.4,122.0,122.3,107.4102,21373
2024-10-30,122.5,122.5,122.0,122.4,107.498,23212
2024-10-31,122.4,122.4,121.0,121.0,106.2685,72525
2024-11-01,121.9,122.5,121.1,122.0,107.1467,13244
2024-11-04,121.8,122.0,121.0,121.0,106.2685,10978
2024-11-05,121.0,121.9,121.0,121.6,106.7954,16351
2024-11-06,121.6,122.0,121.4,121.8,106.9711,10180
2024-11-07,121.8,123.0,121.6,122.1,107.2346,1055506
2024-11-08,123.0,123.4,122.5,123.2,108.2006,8018
2024-11-11,123.2,123.5,122.2,123.0,108.025,12364
2024-11-12,122.9,124.5,122.5,124.5,109.3424,25701
2024-11-13,124.5,124.5,122.0,122.0,107.1467,100966
2024-11-14,122.0,122.1,120.9,121.2,106.4441,63266
2024-11-15,121.3,122.2,121.0,122.0,107.1467,14029
2024-11-18,121.9,122.0,120.6,120.9,106.1806,40781
2024-11-19,120.9,121.6,120.5,121.0,106.2685,59551
2024-11-20,121.0,121.9,119.5,120.0,105.3902,33392
2024-11-21,120.1,121.0,119.8,120.9,106.1806,34846
2024-11-22,120.9,121.0,119.8,120.0,105.3902,68916
2024-11-25,119.8,121.7,118.8,120.0,105.3902,98603
2024-11-26,119.7,119.7,119.0,119.3,104.7754,17264
2024-11-27,120.0,121.0,119.5,120.2,105.5659,71131
2024-11-28,120.0,121.5,118.8,120.2,105.5659,86696
2024-11-29,119.5,120.0,118.5,119.4,104.8633,110642
2024-12-02,119.4,121.4,119.2,119.5,104.9511,24866
2024-12-03,120.0,120.5,118.4,118.4,103.985,128699
2024-12-04,118.0,120.5,116.0,119.5,104.9511,145301
2024-12-05,119.5,119.9,118.8,119.5,104.9511,117754
2024-12-06,119.5,123.9,119.5,120.3,105.6537,102790
2024-12-09,121.0,122.0,121.0,122.0,107.1467,51474
2024-12-10,122.0,123.0,122.0,122.9,107.9372,27112
2024-12-11,123.0,123.9,122.6,123.9,108.8154,34841
2024-12-12,123.7,124.0,122.3,123.8,108.7276,17033
2024-12-13,123.5,124.4,122.8,124.2,109.0789,18475
2024-12-16,124.2,124.5,123.3,123.3,108.2885,14991
2024-12-17,123.3,123.9,123.1,123.6,108.5519,13838
2024-12-18,123.1,123.5,121.1,121.2,106.4441,24047
2024-12-19,121.2,121.9,118.0,119.9,105.3024,81190
2024-12-20,119.9,123.8,119.9,122.2,107.3224,101312
2024-12-23,122.3,124.0,122.0,122.8,107.8493,19361
2024-12-27,122.7,123.3,122.0,122.2,107.3224,15655
2024-12-30,120.9,123.0,120.0,122.0,107.1467,25026
2025-01-03,121.8,123.8,121.8,123.7,108.6398,10677
2025-01-08,123.2,123.8,122.3,123.8,108.7276,13990
2025-01-09,122.6,123.8,122.6,123.0,108.025,27266
2025-01-10,123.1,123.8,122.9,123.5,108.4641,6458
2025-01-13,123.5,123.6,123.1,123.6,108.5519,11493
2025-01-14,123.4,124.0,123.4,124.0,108.9032,20395
2025-01-15,123.7,124.0,123.6,123.6,108.5519,8932
2025-01-16,123.9,124.0,123.1,123.5,108.4641,5468
2025-01-17,123.5,123.8,123.0,123.5,108.4641,6565
2025-01-20,123.7,123.7,123.5,123.5,108.4641,8375
2025-01-21,123.5,123.5,122.0,122.5,107.5859,9053
2025-01-22,122.3,123.5,122.0,123.5,108.4641,10057
2025-01-23,122.9,123.2,122.4,123.0,108.025,6135
2025-01-27,122.5,122.8,121.5,122.4,107.498,17729
2025-01-28,122.4,123.9,121.6,122.5,107.5859,23427
2025-01-29,123.0,123.4,122.0,122.9,107.9372,24417
2025-01-30,122.0,123.2,121.9,122.9,107.9372,18341
2025-01-31,122.9,123.0,122.1,122.5,107.5859,15348
2025-02-03,123.0,123.0,121.9,122.1,107.2346,39435
2025-02-04,122.5,122.9,122.2,122.7,107.7615,108662
2025-02-05,122.4,122.9,122.4,122.8,107.8493,41152
2025-02-06,122.8,122.9,121.6,121.6,106.7954,9929
2025-02-07,122.0,122.7,121.5,121.5,106.7076,18631
2025-02-10,121.7,122.4,121.6,122.4,107.498,16986
2025-02-11,122.2,122.6,121.8,122.1,107.2346,18861
2025-02-12,122.6,122.7,121.7,122.5,107.5859,12971
2025-02-13,122.5,123.0,121.2,123.0,108.025,22985
2025-02-14,122.7,122.9,121.8,122.9,107.9372,13887
2025-02-17,122.9,123.0,121.7,122.3,107.4102,28467
2025-02-18,122.0,123.0,121.5,123.0,108.025,70248
2025-02-19,122.5,123.0,121.9,122.4,107.498,14468
2025-02-20,122.2,122.4,121.6,122.4,107.498,19627
2025-02-21,122.4,122.4,121.3,121.7,106.8832,21167
2025-02-24,121.7,121.7,121.4,121.6,106.7954,10624
2025-02-25,121.6,122.4,121.5,121.6,106.7954,6078
2025-02-26,121.5,122.2,120.7,120.8,106.0928,30038
2025-02-27,120.8,122.2,120.2,121.0,106.2685,18604
2025-02-28,121.0,121.0,118.7,118.7,104.2485,61382
2025-03-03,119.8,120.9,118.5,119.0,104.512,46375
2025-03-04,119.0,120.0,118.0,118.0,103.6337,39869
2025-03-05,118.6,119.8,118.6,119.3,104.7754,60867
2025-03-06,119.7,121.0,119.5,120.4,105.7415,18136
2025-03-07,120.4,122.4,119.9,121.4,106.6198,18585
2025-03-10,121.4,122.7,120.8,121.1,106.3563,39007
2025-03-11,121.1,122.0,119.0,122.0,107.1467,58258
2025-03-12,120.2,121.7,119.5,120.5,105.8293,41987
2025-03-13,120.5,120.8,119.2,119.2,104.6876,12225
2025-03-14,119.2,119.6,118.1,118.1,103.7215,51503
2025-03-17,118.7,119.0,118.6,118.8,104.3363,8191
2025-03-18,118.8,119.0,118.0,118.0,103.6337,19086
2025-03-19,118.3,118.5,118.0,118.2,103.8094,16605
2025-03-20,118.2,118.6,117.9,118.5,104.0728,37638
2025-03-21,118.6,122.0,118.1,122.0,107.1467,73844
2025-03-24,121.0,121.8,119.8,121.8,106.9711,26701
2025-03-25,120.3,122.4,120.3,122.2,107.3224,60115
2025-03-26,122.3,122.5,121.0,122.0,107.1467,19908
2025-03-27,122.1,122.8,122.1,122.5,107.5859,17381
2025-03-28,122.6,124.0,122.5,123.7,108.6398,49342
2025-03-31,123.7,123.8,123.0,123.3,108.2885,20415
2025-04-01,123.3,123.6,122.7,122.7,107.7615,44198
2025-04-02,123.0,123.4,122.2,122.5,107.5859,39287
2025-04-03,122.5,122.5,121.5,121.5,106.7076,7060
2025-04-04,121.4,122.0,120.0,120.2,105.5659,28158
2025-04-07,119.0,119.0,116.0,118.2,103.8094,116682
2025-04-08,119.0,122.6,119.0,122.6,107.6737,51401
2025-04-09,121.0,121.0,118.9,119.4,104.8633,18158
2025-04-10,120.2,122.7,120.2,120.3,105.6537,36149
2025-04-11,120.3,122.0,120.3,121.1,106.3563,10176
2025-04-14,122.0,122.5,120.3,120.8,106.0928,20422
2025-04-15,120.6,120.6,120.0,120.5,105.8293,10964
2025-04-16,120.5,121.3,120.3,120.5,105.8293,8068
2025-04-17,121.0,121.3,120.5,121.0,106.2685,2780
2025-04-22,121.0,121.6,119.3,121.0,106.2685,46355
2025-04-23,121.3,121.3,120.2,120.2,105.5659,15571
2025-04-24,120.8,121.0,119.5,120.3,105.6537,38662
2025-04-25,120.4,121.0,120.4,121.0,106.2685,36300
2025-04-28,121.0,121.2,118.9,119.7,105.1267,38421
2025-04-29,119.8,121.3,119.7,121.2,106.4441,36383
2025-04-30,121.0,121.0,118.1,118.1,103.7215,71560
2025-05-02,119.0,119.0,118.2,118.2,103.8094,14748
2025-05-05,118.1,118.1,116.0,116.0,101.8772,79322
2025-05-06,116.0,117.0,115.6,116.5,102.3163,168440
2025-05-07,116.5,117.9,116.1,116.5,102.3163,678069
2025-05-08,116.9,118.0,115.0,115.0,100.999,65862
2025-05-09,116.8,116.9,115.7,116.3,102.1407,21187
2025-05-12,116.5,117.5,116.0,116.0,101.8772,20916
2025-05-13,116.9,117.3,115.8,117.0,102.7555,38851
2025-05-14,116.9,116.9,116.1,116.5,102.3163,17108
2025-05-15,115.9,116.4,115.0,116.0,101.8772,36342
2025-05-16,116.1,119.3,116.0,119.3,104.7754,58765
2025-05-19,120.5,123.4,120.5,122.2,107.3224,54648
2025-05-20,122.2,123.3,120.5,120.5,105.8293,63793
2025-05-21,122.5,122.8,122.1,122.5,107.5859,28231
2025-05-22,122.5,123.3,122.1,122.5,107.5859,127065
2025-05-23,123.0,123.0,120.8,122.0,107.1467,82663
2025-05-26,122.0,123.0,122.0,122.5,107.5859,69923
2025-05-27,122.5,124.4,122.5,122.7,107.7615,230213
2025-05-28,123.8,124.0,123.5,123.7,108.6398,42757
2025-05-29,124.0,124.0,123.3,123.7,108.6398,83231
2025-05-30,123.8,124.1,122.8,122.8,107.8493,204318
2025-06-02,124.0,124.1,123.2,123.9,108.8154,273068
2025-06-03,117.3,120.0,117.3,118.8,112.498,104801
2025-06-04,119.7,120.9,119.0,120.9,114.4866,43623
2025-06-05,120.3,121.9,120.0,121.9,115.4336,72195
2025-06-06,121.5,121.9,120.3,121.9,115.4336,38403
2025-06-10,121.8,121.8,120.7,121.0,114.5813,20499
2025-06-11,121.0,121.0,118.5,118.8,112.498,50526
2025-06-12,119.7,120.0,118.4,120.0,113.6344,21040
2025-06-13,120.0,120.0,119.1,119.9,113.5397,13887
2025-06-16,119.9,120.5,119.6,120.5,114.1078,51687
2025-06-17,119.8,122.0,119.7,122.0,115.5283,49998
2025-06-18,122.0,122.2,121.2,122.0,115.5283,39815
2025-06-19,122.0,122.0,121.1,121.7,115.2442,18974
2025-06-20,121.6,124.1,120.4,124.1,117.5169,313123
2025-06-23,123.2,123.2,121.5,121.5,115.0548,15217
2025-06-24,121.6,122.0,121.4,121.7,115.2442,15960
2025-06-25,121.7,122.2,121.6,121.7,115.2442,533086
2025-06-26,121.5,121.8,120.7,121.7,115.2442,15337
2025-06-27,121.7,122.0,121.1,121.6,115.1495,16305
2025-06-30,121.6,122.7,121.5,122.4,115.907,33106
2025-07-01,122.6,122.8,121.5,121.5,115.0548,18699
2025-07-02,121.5,121.5,120.2,120.2,113.8237,64656
2025-07-03,120.2,121.9,120.2,121.2,114.7707,10106
2025-07-04,121.2,122.3,121.1,122.3,115.8123,13358
2025-07-07,121.7,122.5,121.2,122.5,116.0017,75590
2025-07-08,122.5,122.5,121.3,121.8,115.3389,14697
2025-07-09,121.8,122.1,121.4,121.9,115.4336,11038
2025-07-10,122.0,122.9,121.7,122.6,116.0964,17710
2025-07-11,122.6,123.0,122.0,122.8,116.2858,17529
2025-07-14,122.7,123.0,122.5,122.7,116.1911,20536
2025-07-15,122.7,123.0,122.5,123.0,116.4752,9966
2025-07-16,122.9,123.3,122.0,123.1,116.5699,93485
2025-07-17,123.0,123.0,121.9,123.0,116.4752,12512
2025-07-18,123.0,123.2,122.0,123.0,116.4752,20322
2025-07-21,122.5,123.2,121.6,123.0,116.4752,37036
2025-07-22,123.1,123.5,122.5,123.5,116.9487,25257
2025-07-23,123.5,123.5,123.0,123.3,116.7593,8667
2025-07-24,123.3,123.5,123.2,123.5,116.9487,15557
2025-07-25,123.5,123.5,123.0,123.5,116.9487,7856
2025-07-28,123.4,124.0,123.1,124.0,117.4222,32299
2025-07-29,124.0,124.2,123.6,124.0,117.4222,82860
2025-07-30,123.8,124.0,123.5,123.8,117.2328,61558
2025-07-31,123.8,124.5,123.5,124.5,117.8956,67868
2025-08-01,124.5,124.6,123.6,123.6,117.0434,13703
2025-08-04,123.6,124.3,123.6,123.8,117.2328,66316
2025-08-05,123.8,124.4,123.8,123.9,117.3275,84673
2025-08-06,124.2,124.5,123.7,124.4,117.8009,20086
2025-08-07,124.3,124.7,123.9,124.5,117.8956,37652
2025-08-08,124.4,124.6,123.9,124.1,117.5169,18050
2025-08-11,123.9,124.0,122.7,123.0,116.4752,48155
2025-08-12,122.9,123.0,122.1,122.1,115.623,40541
2025-08-13,122.5,122.6,121.5,122.2,115.7176,48490
2025-08-14,122.2,122.8,121.2,122.7,116.1911,49604
2025-08-18,121.6,123.3,121.2,123.0,116.4752,154851
2025-08-19,123.0,123.0,121.1,121.1,114.676,15756
2025-08-20,121.3,122.8,121.0,122.8,116.2858,48536
2025-08-21,122.7,122.8,121.6,122.3,115.8123,521281
2025-08-22,122.5,122.7,121.3,121.3,114.8654,789931
2025-08-25,121.5,122.3,121.1,122.1,115.623,158835
2025-08-26,122.3,122.8,121.3,122.0,115.5283,55716
2025-08-27,122.0,122.7,122.0,122.7,116.1911,5252
2025-08-28,122.4,122.6,121.2,122.1,115.623,7147
2025-08-29,122.1,122.5,120.9,122.5,116.0017,14135
2025-09-01,122.0,122.5,121.0,121.7,115.2442,9126
2025-09-02,121.4,121.8,121.1,121.7,115.2442,19825
2025-09-03,121.7,122.4,121.5,122.4,115.907,37369
2025-09-04,122.3,122.4,120.4,120.4,114.0131,29966
2025-09-05,121.0,124.0,120.5,123.5,116.9487,67379
2025-09-08,122.3,123.3,121.9,122.4,115.907,5128
2025-09-09,122.4,122.5,121.0,121.0,114.5813,18422
2025-09-10,121.7,122.1,121.2,122.0,115.5283,21661
2025-09-11,122.0,122.0,121.3,121.6,115.1495,5413
2025-09-12,121.6,123.5,121.6,123.5,116.9487,42970
2025-09-15,122.5,123.0,121.6,122.7,116.1911,6331
2025-09-16,122.7,122.9,121.2,121.2,114.7707,14659
2025-09-17,122.3,122.5,121.2,122.3,115.8123,6502
2025-09-18,122.3,123.0,122.0,123.0,116.4752,36425
2025-09-19,122.5,124.5,121.0,124.5,117.8956,113876
2025-09-22,122.0,124.0,121.3,121.4,114.9601,36333
2025-09-23,121.5,122.3,121.0,121.0,114.5813,46734
2025-09-24,122.0,123.4,121.4,122.0,115.5283,37216
2025-09-25,122.0,123.5,121.8,122.6,116.0964,39562
2025-09-26,122.0,123.5,122.0,122.6,116.0964,36906
2025-09-29,123.0,123.1,122.0,123.0,116.4752,36103
2025-09-30,123.0,123.0,121.8,121.8,115.3389,52000
2025-10-01,121.8,122.0,121.5,121.7,115.2442,12833
2025-10-02,121.6,122.5,121.2,121.5,115.0548,38952
2025-10-03,121.5,121.6,120.5,120.6,114.2025,64398
2025-10-06,120.6,121.3,119.4,120.9,114.4866,69694
2025-10-07,120.6,121.5,120.5,120.5,114.1078,44755
2025-10-08,120.6,121.4,120.5,121.3,114.8654,6520
2025-10-09,121.3,121.3,120.7,121.1,114.676,9999
2025-10-10,121.1,121.2,120.6,121.1,114.676,10246
2025-10-13,121.0,122.2,120.5,122.2,115.7176,42164
2025-10-14,120.7,122.0,120.7,122.0,115.5283,40605
2025-10-15,121.7,122.0,121.1,121.3,114.8654,11281
2025-10-16,121.5,122.1,121.4,122.0,115.5283,66892
2025-10-17,122.1,122.2,121.3,121.8,115.3389,22826
2025-10-20,121.5,121.6,121.0,121.0,114.5813,16140
2025-10-21,121.0,122.0,121.0,121.8,115.3389,36684
2025-10-22,121.2,122.0,121.1,121.4,114.9601,36443
2025-10-23,121.8,121.8,120.5,120.6,114.2025,40629
2025-10-24,120.6,121.3,119.9,121.2,114.7707,122931
2025-10-27,121.0,122.0,119.3,122.0,115.5283,38732
2025-10-28,120.7,122.2,120.5,121.9,115.4336,60587
2025-10-29,120.9,121.7,120.5,121.4,114.9601,15562
2025-10-30,121.0,122.3,120.7,122.3,115.8123,32047
2025-10-31,122.0,122.3,120.5,121.0,114.5813,61633
2025-11-03,121.0,121.0,120.1,120.7,114.2972,11105
2025-11-04,120.7,121.1,120.3,120.5,114.1078,37555
2025-11-05,120.3,120.8,120.0,120.2,113.8237,19641
2025-11-06,120.1,121.1,119.9,120.9,114.4866,98156
2025-11-07,121.0,121.1,119.8,121.1,114.676,36821
2025-11-10,120.7,121.0,120.0,120.5,114.1078,17839
2025-11-11,120.8,121.4,120.5,121.4,114.9601,36237
2025-11-12,121.4,121.4,120.1,120.1,113.729,20827
2025-11-13,120.2,120.7,120.0,120.5,114.1078,13335
2025-11-14,120.5,120.6,119.7,120.6,114.2025,43748
2025-11-17,120.1,120.7,119.8,120.7,114.2972,40563
2025-11-18,120.1,120.7,119.6,119.6,113.2556,50470
2025-11-19,120.0,120.4,119.2,119.3,112.9715,23199
2025-11-20,119.4,120.6,119.2,120.6,114.2025,36753
2025-11-21,119.8,120.3,118.9,119.2,112.8768,40106
2025-11-24,119.5,120.7,119.0,120.0,113.6344,38679
2025-11-25,119.5,120.6,119.5,120.6,114.2025,28806
2025-11-26,120.0,121.6,119.3,121.4,114.9601,34856
2025-11-27,120.2,122.8,120.2,122.0,115.5283,54891
2025-11-28,121.9,122.7,121.9,122.5,116.0017,66598
2025-12-02,122.4,123.1,121.6,123.1,116.5699,90297
2025-12-03,122.9,123.4,121.9,123.0,116.4752,40649
2025-12-04,122.3,123.5,122.1,123.5,116.9487,20269
2025-12-05,123.5,123.6,122.1,123.5,116.9487,38638
2025-12-08,123.0,124.2,122.3,124.0,117.4222,99131
2025-12-09,124.5,125.0,123.5,125.0,118.3691,51541
2025-12-10,124.9,124.9,123.6,124.8,118.1797,51515
2025-12-11,124.1,124.4,123.4,124.4,117.8009,51060
2025-12-12,124.1,124.7,123.8,124.6,117.9903,12429
2025-12-15,124.3,124.9,123.5,124.8,118.1797,40197
2025-12-16,124.8,125.0,124.2,124.3,117.7062,67993
2025-12-17,124.3,124.5,123.0,124.0,117.4222,21767
2025-12-18,123.6,124.2,122.9,124.2,117.6116,13567
2025-12-19,124.0,125.0,124.0,125.0,118.3691,60362
2025-12-22,124.7,125.0,124.0,125.0,118.3691,61360
2025-12-23,125.0,125.0,124.1,125.0,118.3691,21535
2025-12-29,124.5,125.1,124.2,124.2,117.6116,27688
2025-12-30,124.2,124.9,124.1,124.2,117.6116,17283
2026-01-05,124.3,124.9,123.8,123.8,117.2328,39704
2026-01-08,124.4,124.5,123.2,123.3,116.7593,73208
2026-01-09,123.3,124.9,123.3,124.5,117.8956,17814
2026-01-12,124.5,125.6,124.5,125.4,118.7479,56839
2026-01-13,125.6,127.9,125.5,127.9,121.1153,65064
2026-01-14,127.5,128.0,126.9,128.0,121.21,50121
2026-01-15,127.9,132.9,126.9,132.9,125.85,106984
2026-01-16,131.9,132.9,131.8,132.4,125.3766,115486
2026-01-19,132.2,132.2,129.7,130.2,123.2933,46729
2026-01-20,130.2,131.5,129.7,130.5,123.5774,36811
2026-01-21,131.0,131.0,129.1,130.5,123.5774,26301
2026-01-22,130.3,132.8,130.3,131.0,124.0508,41127
2026-01-23,131.0,133.0,131.0,133.0,125.9447,61035
2026-01-26,133.0,136.7,131.6,136.6,129.3538,61844
2026-01-27,136.6,138.5,136.1,138.0,130.6795,131917
2026-01-28,138.2,142.0,137.8,138.0,130.6795,187812
2026-01-29,138.4,140.0,138.0,139.0,131.6265,66795
2026-01-30,139.0,140.0,137.4,138.0,130.6795,27633
2026-02-02,138.0,138.0,133.6,136.5,129.2591,39330
2026-02-03,136.5,138.8,136.5,138.0,130.6795,40505
2026-02-04,138.7,139.4,136.6,138.0,130.6795,50182
2026-02-05,138.0,139.6,137.5,138.5,131.153,64058
2026-02-06,138.9,139.0,137.0,138.9,131.5318,32991
2026-02-09,138.9,141.0,138.0,141.0,133.5204,116060
2026-02-10,140.8,141.8,140.1,141.5,133.9938,58427
2026-02-11,141.5,142.2,141.0,141.8,134.2779,78619
2026-02-12,141.8,146.6,141.0,146.6,138.8233,98907
2026-02-13,145.8,146.0,142.9,145.0,137.3082,62898
2026-02-16,145.0,146.6,144.2,146.6,138.8233,39440
2026-02-17,146.6,151.7,146.6,150.0,142.0429,281972
2026-02-18,150.0,152.0,150.0,151.5,143.4634,23207
2026-02-19,151.5,152.2,151.3,152.0,143.9368,33448
2026-02-20,152.1,153.4,151.0,152.9,144.7891,37311
2026-02-23,153.0,153.2,150.5,151.3,143.274,70677
2026-02-24,151.9,151.9,150.1,151.0,142.9899,51497
2026-02-25,150.7,151.0,150.4,151.0,142.9899,37597
2026-02-26,150.1,151.0,150.0,150.0,142.0429,65599
2026-02-27,149.0,149.0,144.0,144.9,137.2135,89849
2026-03-02,143.8,143.8,140.0,141.0,133.5204,41586
2026-03-03,141.0,142.5,134.1,135.0,127.8386,100868
2026-03-04,135.0,139.0,134.6,135.6,128.4068,90767
2026-03-05,136.0,139.0,136.0,137.6,130.3007,38133
2026-03-06,138.5,138.8,135.0,136.4,129.1644,37034
2026-03-09,135.9,135.9,132.6,134.0,126.8917,31465
2026-03-10,134.9,139.4,134.9,138.5,131.153,41488
2026-03-11,139.4,149.0,139.4,149.0,141.096,46584
2026-03-12,147.1,149.0,143.0,144.0,136.3612,103998
2026-03-13,143.8,145.9,143.0,145.9,138.1604,19983
2026-03-16,144.1,145.8,143.5,145.0,137.3082,16848
2026-03-17,144.6,146.5,144.6,145.0,137.3082,21360
2026-03-18,146.0,148.5,145.0,146.4,138.6339,37738
2026-03-19,146.4,146.4,141.3,144.0,136.3612,37405
2026-03-20,145.0,148.4,144.0,148.0,140.149,109575
2026-03-23,147.8,147.8,144.0,146.8,139.0127,34893
2026-03-24,146.8,149.7,145.0,149.7,141.7589,42827
2026-03-25,149.6,149.6,146.4,146.5,138.7286,19488
2026-03-26,147.0,148.4,146.5,147.0,139.2021,8857
2026-03-27,147.0,147.8,146.5,147.8,139.9596,23139
2026-03-30,146.7,148.0,145.0,147.8,139.9596,26763
2026-03-31,147.5,149.5,147.0,148.5,140.6225,25581
2026-04-01,148.5,151.0,148.5,150.0,142.0429,97063
2026-04-02,150.2,150.6,148.5,149.0,141.096,6542
2026-04-03,149.0,149.9,147.5,149.6,141.6642,139332
2026-04-06,149.6,150.0,148.0,150.0,142.0429,8204
2026-04-07,150.0,152.4,148.0,151.2,143.1793,16249
2026-04-08,152.0,153.0,150.2,152.2,144.1262,26686
2026-04-09,152.2,152.8,150.8,152.8,144.6944,8333
2026-04-14,152.0,155.4,151.2,152.8,144.6944,64505
2026-04-15,154.0,155.2,152.8,155.2,146.9671,31036
2026-04-16,155.4,161.0,155.4,160.0,151.5125,46545
2026-04-17,160.4,160.6,157.4,159.0,150.5655,46499
2026-04-20,158.8,158.8,153.6,154.0,145.8308,37902
2026-04-21,152.0,153.0,149.0,149.8,141.8535,37222
2026-04-22,151.0,155.4,150.2,153.2,145.0732,22108
2026-04-23,155.2,159.8,154.8,159.8,151.3231,18322
2026-04-24,159.8,165.0,159.8,160.0,151.5125,66507
2026-04-27,160.4,163.0,159.0,160.2,151.7019,37095
2026-04-28,160.0,160.0,154.0,154.0,145.8308,53693
2026-04-29,154.8,157.6,154.4,157.0,148.6716,37525
2026-04-30,157.6,158.8,156.6,158.8,150.3761,41425
2026-05-04,157.0,158.6,156.0,157.6,149.2398,24458
2026-05-05,157.8,159.8,155.0,158.8,150.3761,44264
2026-05-06,158.8,160.0,158.0,160.0,151.5125,31950
2026-05-07,160.0,164.0,159.4,164.0,155.3003,52270
2026-05-08,164.2,170.0,164.0,169.8,160.7926,47545
2026-05-11,170.0,178.0,170.0,177.8,168.3682,52921
2026-05-12,178.8,184.0,175.0,177.0,167.6107,38125
2026-05-13,176.6,177.0,173.0,176.2,166.8531,24327
2026-05-14,178.0,179.4,177.0,178.4,168.9364,24623
2026-05-15,180.0,187.0,180.0,183.4,173.6712,69363
2026-05-18,184.0,184.8,180.2,180.6,171.0197,32891
2026-05-19,181.8,182.0,178.4,179.4,169.8834,78724
2026-05-20,180.0,181.4,179.0,179.6,170.0727,46508
2026-05-21,180.6,181.8,180.2,181.0,171.3985,48604
2026-05-22,181.0,182.8,181.0,182.0,172.3454,28535
2026-05-25,182.0,183.4,181.6,182.0,172.3454,66222
2026-05-26,183.4,183.4,180.4,180.4,170.8303,63670
2026-05-27,182.0,182.6,179.6,180.0,170.4515,31032
2026-05-28,180.8,180.8,176.6,177.0,167.6107,53016
2026-05-29,178.6,181.0,177.0,177.0,167.6107,57900
2026-06-02,180.0,182.0,176.6,177.0,167.6107,99045
2026-06-03,171.0,178.0,170.8,171.0,168.9428,145618
2026-06-04,172.0,173.2,168.6,171.0,168.9428,41718
2026-06-05,171.0,173.0,169.8,172.8,170.7212,28971
2026-06-08,172.0,176.6,171.8,176.0,173.8827,43665
2026-06-09,176.0,177.0,175.0,176.0,173.8827,75212
2026-06-10,176.0,177.0,175.0,176.0,173.8827,7630
2026-06-11,176.0,176.0,174.4,176.0,173.8827,60890
2026-06-12,176.0,176.0,174.4,175.0,172.8947,13660
2026-06-15,175.0,175.8,174.8,175.4,173.2899,80574
2026-06-16,175.6,175.8,174.8,175.4,173.2899,147145
2026-06-17,175.4,175.8,174.6,175.6,173.4875,13450
2026-06-18,175.6,178.8,175.6,178.8,176.649,17973
2026-06-19,178.8,179.8,176.0,176.0,173.8827,22728
2026-06-22,179.0,179.2,176.6,179.0,176.8466,7653
2026-06-23,179.0,179.8,177.2,179.8,177.637,11179
2026-06-24,179.6,180.4,178.2,180.4,178.2297,10161
2026-06-25,180.0,188.0,179.8,188.0,185.7383,78299
2026-06-26,188.0,190.0,185.0,187.0,184.7503,36221
2026-06-29,185.0,188.0,184.2,187.8,185.5407,17329
2026-06-30,188.0,193.0,188.0,193.0,190.6782,53786
2026-07-01,192.0,198.8,191.4,198.8,196.4084,42505
2026-07-02,198.2,208.0,198.2,207.5,205.0037,66897
2026-07-03,208.0,220.0,206.5,220.0,217.3533,131871
2026-07-06,220.0,221.0,213.0,214.5,211.9195,87886
2026-07-07,215.0,215.0,203.0,206.0,203.5218,43706
2026-07-08,206.0,206.0,200.0,204.5,202.0398,25399
2026-07-09,205.0,207.5,203.0,204.5,202.0398,23724
2026-07-10,205.0,207.0,204.0,205.0,202.5338,44437
2026-07-13,207.5,207.5,203.5,205.0,202.5338,36372
2026-07-14,205.0,206.5,200.5,200.5,198.0879,98533
2026-07-15,205.0,206.0,201.0,204.5,202.0398,28120
2026-07-16,204.5,205.0,202.5,205.0,202.5338,28510
2026-07-17,205.0,205.0,201.0,203.0,200.5578,40240
2026-07-20,203.0,203.0,194.0,200.0,197.5939,65749
2026-07-21,200.0,200.5,198.0,200.0,197.5939,46426
2026-07-22,199.8,199.8,197.0,199.0,196.606,20775
2026-07-23,199.0,200.0,198.6,200.0,197.5939,45838
2026-07-24,200.0,200.0,199.0,199.8,197.3963,15560
2026-07-27,199.2,200.5,199.0,200.0,197.5939,18767
2026-07-28,199.8,200.5,198.8,200.0,197.5939,36240
2026-07-29,199.8,200.0,197.0,200.0,197.5939,34529
2026-07-30,200.0,200.0,195.4,200.0,197.5939,37349
2026-07-31,199.8,202.0,197.8,200.0,197.5939,64860
2026-08-03,199.4,199.8,197.0,198.8,196.4084,17665
2026-08-04,198.2,198.2,196.0,196.0,193.6421,41711
2026-08-05,196.2,197.0,191.0,193.0,190.6782,71462
2026-08-06,192.8,192.8,184.6,185.8,183.5648,82803
2026-08-07,185.6,185.8,180.2,180.4,178.2297,71402
2026-08-10,182.0,183.0,181.0,181.8,179.6129,48063
2026-08-11,182.0,183.6,180.0,180.0,177.8345,67964
2026-08-12,184.0,185.8,183.0,185.0,182.7744,74472
2026-08-13,185.8,188.4,185.8,187.0,184.7503,45206
2026-08-14,179.0,186.8,179.0,186.0,183.7624,44938
2026-08-17,186.0,187.0,183.0,185.8,183.5648,16096
2026-08-18,185.8,185.8,183.2,184.8,182.5768,72344
2026-08-19,185.4,185.6,183.2,183.8,181.5888,20983
2026-08-20,184.6,186.0,183.2,184.2,181.984,48978
2026-08-21,184.6,185.0,183.8,185.0,182.7744,20408
2026-08-24,185.0,185.0,184.6,185.0,182.7744,18329
2026-08-25,185.2,185.4,184.0,185.0,182.7744,13823
2026-08-26,185.0,185.0,184.0,184.8,182.5768,9473
2026-08-27,184.6,185.0,183.2,185.0,182.7744,18883
2026-08-28,184.6,185.0,183.2,184.8,182.5768,15695
2026-08-31,184.8,185.2,179.4,179.4,177.2418,37911
2026-09-01,179.4,184.8,179.0,180.4,178.2297,23553
2026-09-02,183.0,185.0,180.0,181.0,178.8225,49568
2026-09-03,181.4,185.0,180.2,185.0,182.7744,34572
2026-09-04,185.0,185.0,182.0,184.8,182.5768,13605
2026-09-07,184.8,184.8,184.8,184.8,182.5768,36894
2026-09-08,185.0,185.0,183.0,185.0,185.0,21275
2026-09-09,183.0,185.0,182.0,184.0,184.0,19018
2026-09-10,184.0,184.4,180.0,182.6,182.6,31534
2026-09-11,182.2,182.2,177.6,177.6,177.6,29598
2026-09-14,180.2,181.0,177.0,177.0,177.0,16866
2026-09-15,177.0,179.8,174.0,175.8,175.8,31868
2026-09-16,175.0,175.0,169.2,169.2,169.2,33479
2026-09-17,169.2,169.2,169.2,169.2,169.2,97652
2026-09-18,174.0,185.0,173.6,185.0,185.0,290680
