p,q,k,loglik,aic,bic,lb8,lb8_df,lb8_p,sigma
0,0,2,-305.8307,615.6613,620.9882,64.9048,8,0.0,4.333
0,1,3,-284.187,574.374,582.3643,20.3614,7,0.0048,3.5216
0,2,4,-281.5708,571.1416,581.7953,13.1981,6,0.04,3.4337
0,3,5,-270.0203,550.0406,563.3578,5.3501,5,0.3747,3.0651
1,0,3,-279.6656,565.3312,573.3215,16.2291,7,0.0231,3.3771
1,1,4,-279.6623,567.3247,577.9784,16.0628,6,0.0134,3.377
1,2,5,-278.1249,566.2497,579.5669,10.6552,5,0.0587,3.3222
1,3,6,-268.4844,548.9688,564.9494,2.4809,4,0.6481,3.0187
2,0,4,-279.6617,567.3233,577.9771,13.4051,6,0.037,3.377
2,1,5,-276.8422,563.6843,577.0015,8.356,5,0.1377,3.2783
2,2,6,-276.4877,564.9754,580.956,7.6951,4,0.1034,3.269
2,3,7,-267.9447,549.8893,568.5334,2.1466,3,0.5425,3.0024
3,0,5,-279.4564,568.9128,582.23,12.7657,5,0.0257,3.3703
3,1,6,-276.0306,564.0611,580.0418,9.0676,4,0.0594,3.2554
3,2,7,-272.8353,559.6706,578.3146,10.7474,3,0.0132,3.1509
3,3,8,-267.668,551.3359,572.6434,2.2354,2,0.327,2.9945
