,T,rho1,Q*(10),p
S&P 500 returns,6714.0000,-0.0986,96.2629,0.0000
S&P 500 squared returns,6714.0000,0.3132,6132.8172,0.0000
BET returns,6670.0000,0.1088,108.0184,0.0000
BET squared returns,6670.0000,0.3304,2439.9752,0.0000
EUR/RON returns,5352.0000,0.1697,221.6582,0.0000
"GDP growth, y/y",122.0000,0.6308,74.9956,0.0000
"GDP growth, q/q",125.0000,-0.2444,364.7665,0.0000
"HICP inflation, m/m",260.0000,0.4009,126.7075,0.0000
Nile flow,100.0000,0.4984,88.1269,0.0000
Sunspots,309.0000,0.8202,627.3827,0.0000
