series,method,MAE,RMSE,MAPE,MASE
gdp,Naive,7.093125000000001,8.364085570760261,14.025594795756,4.620009564358881
gdp,Seasonal naive,0.45017499999999977,0.5575440789749264,0.9259807834697122,0.29321530434544124
gdp,SES,6.747150000000001,7.904183148166357,13.650021916074357,4.394663499115556
gdp,Holt-Winters,0.995142265828334,1.1671243644434675,2.0556165547826564,0.64817224932941
hicp,Naive,11.99166666666666,14.116387049572321,7.189044353455047,2.244604938480417
hicp,Seasonal naive,14.973333333333331,16.45299896675375,9.054941339484522,2.802714491634201
hicp,SES,11.991666672925149,14.116387054888817,7.189044357317124,2.2446049396518837
hicp,Holt-Winters,3.617215606762423,4.744380874448437,2.147520589414928,0.6770718566632976
elec,Naive,0.28175,0.3269793571465942,7.302217995769807,0.8238432911669507
elec,Seasonal naive,0.28483333333333327,0.377696858163616,7.24641281183685,0.832859026681052
elec,SES,0.2761550395374495,0.3226748527883401,7.1201226481234405,0.8074835018451528
elec,Holt-Winters,0.17278232576635974,0.20878577957284336,4.464345533056519,0.5052193785797269
co2,Naive,2.420208333333347,2.9291347200723625,0.6517741141443072,1.8638444310561708
co2,Seasonal naive,1.8822916666666576,2.0664893237081996,0.5084497077942033,1.4495854725481905
co2,SES,2.4202083473031855,2.9291347341085934,0.6517741179084922,1.863844441814586
co2,Holt-Winters,0.343315085583941,0.4349241263440363,0.09257170074661535,0.264392904342201
