symbol,name,n_obs,first,last
GSPC.INDX,S&P 500,9246,1990-01-02,2026-09-18
NDX.INDX,Nasdaq 100,9246,1990-01-02,2026-09-18
VIX.INDX,CBOE VIX,9284,1990-01-02,2026-09-18
STOXX50E.INDX,Euro Stoxx 50,9440,1990-01-01,2026-09-18
GDAXI.INDX,DAX,9295,1990-01-02,2026-09-18
N225.INDX,Nikkei 225,9012,1990-01-04,2026-09-18
BETTR.INDX,BET Total Return,2993,2014-09-23,2026-09-18
BETXT.INDX,BET-XT,3779,2011-08-12,2026-09-18
BETNG.INDX,BET-NG,3665,2012-01-25,2026-09-18
BETFI.INDX,BET-FI,3654,2012-01-25,2026-09-18
BET,"BET (Bucharest Exchange Trading) index, official daily closing values from launch",7244,1997-09-19,2026-09-18
BVSP.INDX,Bovespa (Brazil),8550,1990-01-02,2026-09-18
NSEI.INDX,Nifty 50 (India),9309,1990-07-03,2026-09-18
WIG20.INDX,WIG20 (Poland),8086,1994-04-18,2026-09-18
BUX.INDX,BUX (Hungary),8908,1991-01-02,2026-09-18
PX.INDX,PX (Czech Republic),8116,1993-09-14,2026-09-18
XU100.INDX,BIST 100 (Turkey),9211,1990-01-02,2026-09-18
HSI.INDX,Hang Seng (Hong Kong),9064,1990-01-02,2026-09-18
SSEC.INDX,Shanghai Composite (China),8732,1990-12-19,2026-09-18
KS11.INDX,KOSPI (Korea),9290,1990-01-03,2026-09-18
MXX.INDX,IPC (Mexico),9569,1990-01-02,2026-09-18
SPY.US,SPDR S&P 500 ETF,8467,1993-01-29,2026-09-18
RSP.US,Invesco S&P 500 Equal Weight ETF,5885,2003-04-30,2026-09-18
QQQ.US,Invesco QQQ,6925,1999-03-10,2026-09-18
TLT.US,iShares 20+ Year Treasury Bond ETF,6076,2002-07-26,2026-09-18
GLD.US,SPDR Gold Shares,5492,2004-11-18,2026-09-18
IBIT.US,iShares Bitcoin Trust ETF,674,2024-01-11,2026-09-18
ETHA.US,iShares Ethereum Trust ETF,542,2024-07-23,2026-09-18
TVBETETF.RO,Patria-TVBETETF (BET tracker),2760,2015-06-12,2026-09-18
BTBETRETF.RO,BT Index Romania ETF BET-TR,100,2026-04-30,2026-09-18
IEF.US,iShares 7-10 Year Treasury,6076,2002-07-26,2026-09-18
SHY.US,iShares 1-3 Year Treasury,6076,2002-07-26,2026-09-18
LQD.US,iShares Investment Grade Corporate,6076,2002-07-26,2026-09-18
HYG.US,iShares High Yield Corporate,4892,2007-04-11,2026-09-18
AGG.US,iShares Core US Aggregate Bond,5781,2003-09-26,2026-09-18
USO.US,United States Oil Fund,5143,2006-04-10,2026-09-18
DBC.US,Invesco DB Commodity,5188,2006-02-03,2026-09-18
TLV.RO,Banca Transilvania,7379,1997-10-16,2026-09-18
SNP.RO,OMV Petrom,6464,2001-09-04,2026-09-18
BRD.RO,BRD - Groupe Societe Generale,6628,2001-01-16,2026-09-18
TGN.RO,Transgaz,4796,2008-01-25,2026-09-18
FP.RO,Fondul Proprietatea,4087,2010-09-30,2026-09-18
SNG.RO,Romgaz,3284,2013-11-12,2026-09-18
H2O.RO,Hidroelectrica,793,2023-07-12,2026-09-18
SNN.RO,Nuclearelectrica,3290,2013-11-04,2026-09-18
EL.RO,Electrica,3071,2014-07-07,2026-09-18
DIGI.RO,Digi Communications,2368,2017-05-17,2026-09-18
TEL.RO,Transelectrica,5164,2006-08-29,2026-09-18
BTC-USD.CC,Bitcoin,5912,2010-07-13,2026-09-18
ETH-USD.CC,Ethereum,4061,2015-08-07,2026-09-18
SOL-USD.CC,Solana,2352,2020-04-11,2026-09-18
USDT-USD.CC,Tether,4218,2015-02-26,2026-09-18
USDC-USD.CC,USD Coin,2902,2018-10-09,2026-09-18
DAI-USD.CC,Dai,3188,2017-12-27,2026-09-18
XRP-USD.CC,XRP,4793,2013-08-05,2026-09-18
BNB-USD.CC,BNB,3342,2017-07-26,2026-09-18
ADA-USD.CC,Cardano,3274,2017-10-02,2026-09-18
DOGE-USD.CC,Dogecoin,4661,2013-12-15,2026-09-18
LTC-USD.CC,Litecoin,5455,2011-10-13,2026-09-18
LINK-USD.CC,Chainlink,3286,2017-09-20,2026-09-18
EURRON.FOREX,EUR/RON,5827,2005-06-30,2026-09-18
USDRON.FOREX,USD/RON,5868,2005-06-27,2026-09-18
EURUSD.FOREX,EUR/USD,8172,2002-05-06,2026-09-18
GBPUSD.FOREX,GBP/USD,7971,2002-05-06,2026-09-18
USDJPY.FOREX,USD/JPY,11275,1990-01-02,2026-09-18
USDCHF.FOREX,USD/CHF,9634,1990-01-02,2026-09-18
XAUUSD.FOREX,Gold spot (USD/oz),9974,1990-01-02,2026-09-18
US10Y.GBOND,US 10Y yield,9315,1990-01-08,2026-09-18
US2Y.GBOND,US 2Y yield,3516,2012-09-24,2026-09-18
DE10Y.GBOND,Germany 10Y yield,4355,2007-03-28,2026-09-18
RO10Y.GBOND,Romania 10Y yield,5334,2007-08-17,2026-09-18
JPM.US,JPMorgan Chase,9246,1990-01-02,2026-09-18
BAC.US,Bank of America,9246,1990-01-02,2026-09-18
C.US,Citigroup,9246,1990-01-02,2026-09-18
GS.US,Goldman Sachs,6887,1999-05-04,2026-09-18
MS.US,Morgan Stanley,8451,1993-02-23,2026-09-18
WFC.US,Wells Fargo,9246,1990-01-02,2026-09-18
DBK.XETRA,Deutsche Bank,8254,1994-02-01,2026-09-18
BNP.PA,BNP Paribas,8383,1993-10-19,2026-09-18
SAN.MC,Banco Santander,8807,1991-12-02,2026-09-18
HSBA.LSE,HSBC,8638,1992-06-11,2026-09-18
INGA.AS,ING Groep,9093,1990-04-02,2026-09-18
AAPL.US,Apple,9246,1990-01-02,2026-09-18
MSFT.US,Microsoft,9246,1990-01-02,2026-09-18
NVDA.US,NVIDIA,6957,1999-01-22,2026-09-18
TSLA.US,Tesla,4081,2010-06-29,2026-09-18
AMZN.US,Amazon,7382,1997-05-15,2026-09-18
META.US,Meta Platforms,3604,2012-05-18,2026-09-18
GOOGL.US,Alphabet,5556,2004-08-19,2026-09-18
COIN.US,Coinbase,1365,2021-04-14,2026-09-18
MSTR.US,Strategy (MicroStrategy),7112,1998-06-11,2026-09-18
