date,ci_full,ci_param,tc_median
2006-01-30,0.0345,0.2759,2006.0794
2006-02-06,0.0690,0.3103,2006.1101
2006-02-13,0.0690,0.3448,2006.2592
2006-02-20,0.0690,0.3103,2006.3343
2006-02-27,0.0345,0.2069,2006.3201
2006-03-06,0.0000,0.1724,2006.3269
2006-03-13,0.0000,0.1724,2006.3465
2006-03-20,0.0000,0.1379,2006.3646
2006-03-27,0.0000,0.2069,2006.3829
2006-04-03,0.0000,0.2069,2006.4070
2006-04-10,0.0000,0.2414,2006.4452
2006-04-17,0.0000,0.1034,2006.4902
2006-04-25,0.0000,0.0345,2006.7127
2006-05-03,0.0000,0.0000,
2006-05-10,0.0000,0.0345,2006.7002
2006-05-17,0.0000,0.0000,
2006-05-24,0.0000,0.0000,
2006-05-31,0.0000,0.0000,
2006-06-07,0.0000,0.0000,
2006-06-14,0.0000,0.0000,
2006-06-21,0.0000,0.0000,
2006-06-28,0.0000,0.0000,
2006-07-05,0.0000,0.0000,
2006-07-12,0.0000,0.0000,
2006-07-19,0.0000,0.0000,
2006-07-26,0.0000,0.0000,
2006-08-02,0.0000,0.0000,
2006-08-09,0.0000,0.0000,
2006-08-16,0.0000,0.0000,
2006-08-23,0.0000,0.0000,
2006-08-30,0.0000,0.0000,
2006-09-06,0.0000,0.0000,
2006-09-13,0.0000,0.0000,
2006-09-20,0.0000,0.0000,
2006-09-27,0.0000,0.0000,
2006-10-04,0.0000,0.0000,
2006-10-11,0.0000,0.0000,
2006-10-18,0.0000,0.0000,
2006-10-25,0.0000,0.0000,
2006-11-01,0.0000,0.0000,
2006-11-08,0.0000,0.0000,
2006-11-15,0.0000,0.0345,2007.2428
2006-11-22,0.0000,0.0000,
2006-11-29,0.0000,0.0000,
2006-12-07,0.0000,0.0000,
2006-12-14,0.0000,0.0000,
2007-01-04,0.0000,0.0000,
2007-01-11,0.0000,0.0000,
2007-01-18,0.0000,0.0000,
2007-01-25,0.0000,0.0690,2007.3989
2007-02-01,0.0000,0.1034,2007.3878
2007-02-08,0.0000,0.0690,2007.4733
2007-02-15,0.0345,0.0690,2007.3935
2007-02-22,0.0690,0.1034,2007.2476
2007-03-01,0.1034,0.1379,2007.2481
2007-03-08,0.0000,0.0690,2007.4177
2007-03-15,0.0345,0.1034,2007.4523
2007-03-22,0.0000,0.0690,2007.4698
2007-03-29,0.0000,0.0000,
2007-04-05,0.0000,0.0000,
2007-04-13,0.0000,0.0000,
2007-04-20,0.0000,0.0000,
2007-04-27,0.0000,0.0000,
2007-05-08,0.0000,0.0000,
2007-05-15,0.0000,0.0000,
2007-05-22,0.0000,0.0000,
2007-05-29,0.0000,0.0000,
2007-06-05,0.0000,0.0000,
2007-06-12,0.0000,0.0000,
2007-06-19,0.0000,0.0000,
2007-06-26,0.0000,0.0000,
2007-07-03,0.0000,0.0000,
2007-07-10,0.0345,0.0345,2007.7662
2007-07-17,0.0345,0.0345,2007.7692
2007-07-24,0.0000,0.0690,2007.5585
2007-07-31,0.0000,0.0000,
2007-08-07,0.0000,0.0345,2007.9383
2007-08-14,0.1724,0.1724,2007.7218
2007-08-21,0.2069,0.2414,2007.7758
2007-08-28,0.2759,0.3448,2007.7872
2007-09-04,0.2414,0.3448,2007.7842
2007-09-11,0.2069,0.3103,2007.7913
2007-09-18,0.1724,0.3103,2007.8030
2007-09-25,0.2069,0.2414,2007.8148
2007-10-02,0.0690,0.0690,2007.9506
2007-10-09,0.0690,0.1379,2007.9369
2007-10-16,0.1724,0.2069,2007.9599
2007-10-23,0.0000,0.0000,
2007-10-30,0.0345,0.0690,2008.0435
2007-11-06,0.0690,0.1034,2008.1401
2007-11-13,0.0690,0.1034,2008.1507
2007-11-20,0.0000,0.0345,2008.0359
